<?xml version="1.0" encoding="UTF-8"?>
<project-private xmlns="http://www.netbeans.org/ns/project-private/1">
    <editor-bookmarks xmlns="http://www.netbeans.org/ns/editor-bookmarks/2" lastBookmarkId="0"/>
    <open-files xmlns="http://www.netbeans.org/ns/projectui-open-files/2">
        <group>
            <file>file:/C:/Users/David%20Nghi/Desktop/eProject-Sem2/eProjectSem2/Applications/MCerSoft/src/database/DBconnect.java</file>
            <file>file:/C:/Users/David%20Nghi/Desktop/eProject-Sem2/eProjectSem2/Applications/MCerSoft/src/interfaces/MarkEntryJFrame.java</file>
            <file>file:/C:/Users/David%20Nghi/Desktop/eProject-Sem2/eProjectSem2/Applications/MCerSoft/src/interfaces/UserFrmForm.java</file>
            <file>file:/C:/Users/David%20Nghi/Desktop/eProject-Sem2/eProjectSem2/Applications/MCerSoft/src/database/CER_DBForm.java</file>
            <file>file:/C:/Users/David%20Nghi/Desktop/eProject-Sem2/eProjectSem2/Applications/MCerSoft/src/aplication/Login.java</file>
        </group>
    </open-files>
</project-private>
